{
    "objects": [
        {
            "name": "PLA END",
            "position": {
                "x": 0.0,
                "y": 10.0,
                "z": -9.0
            },
            "rotation": {
                "x": 0.0,
                "y": -1.0,
                "z": 0.0,
                "w": 0.0
            }
        },
        {
            "name": "PLA520_move",
            "position": {
                "x": -5.4533796310424809,
                "y": 8.776449203491211,
                "z": 32.74766159057617
            },
            "rotation": {
                "x": 0.03174954280257225,
                "y": 0.9879813194274902,
                "z": -0.06359590590000153,
                "w": -0.13726069033145905
            }
        }
    ]
}