{
    "objects": [
        {
            "name": "PLA END",
            "position": {
                "x": 0.0,
                "y": 10.0,
                "z": -9.0
            },
            "rotation": {
                "x": 0.0,
                "y": -1.0,
                "z": 0.0,
                "w": 0.0
            }
        },
        {
            "name": "TRA FAN",
            "position": {
                "x": -3.0796899795532228,
                "y": 9.488094329833985,
                "z": -4.914634704589844
            },
            "rotation": {
                "x": 0.0028779772110283376,
                "y": 0.13557223975658418,
                "z": -0.0029406649991869928,
                "w": 0.9907589554786682
            }
        }
    ]
}