{
    "objects": [
        {
            "name": "PLA END",
            "position": {
                "x": 0.0,
                "y": 10.0,
                "z": -9.0
            },
            "rotation": {
                "x": 0.0,
                "y": -1.0,
                "z": 0.0,
                "w": 0.0
            }
        },
        {
            "name": "PLA END",
            "position": {
                "x": 0.0,
                "y": 10.0,
                "z": -9.0
            },
            "rotation": {
                "x": 0.0,
                "y": -1.0,
                "z": 0.0,
                "w": 0.0
            }
        },
        {
            "name": "PLA520_move",
            "position": {
                "x": -16.262393951416017,
                "y": 10.731582641601563,
                "z": -14.148796081542969
            },
            "rotation": {
                "x": -0.018827024847269059,
                "y": 0.9879087209701538,
                "z": -0.007982658222317696,
                "w": -0.15368206799030305
            }
        }
    ]
}