{
    "objects": [
        {
            "name": "PLA END",
            "position": {
                "x": -6.225586891174316,
                "y": 2.201563596725464,
                "z": -0.3455843925476074
            },
            "rotation": {
                "x": -0.0953638106584549,
                "y": -0.8290050625801086,
                "z": -0.0701107531785965,
                "w": 0.5465719699859619
            }
        }
    ]
}